Workbook
Name FC_AMT: 'Inputs'!$C$4
Name S0_in: 'Inputs'!$C$5
Name F0_in: 'Inputs'!$C$6
Name R_USD: 'Inputs'!$C$7
Name R_FC: 'Inputs'!$C$8
Name K_PUT: 'Inputs'!$C$9
Name K_CALL: 'Inputs'!$C$10
Name PREM_PUT: 'Inputs'!$C$11
Name PREM_CALL: 'Inputs'!$C$12
Name T_DAYS: 'Inputs'!$C$13
Name T_YRS: 'Inputs'!$C$14

Sheet Inputs
A1: Stage 4 — FX Hedge Model Inputs (Van Duyne) | As-of: 2025-12-11
A3: Item | B3: Named Range | C3: Value | D3: Units | E3: Source / Notes
A4: EUR receivable | B4: FC_AMT | C4: 8000000 | D4: EUR | E4: Stage 2 spec
A5: Spot rate (EUR/USD) | B5: S0_in | C5: 1.1714 | D5: USD per EUR | E5: ECB reference rate (11 Dec 2025)
A6: Forward rate (1Y) | B6: F0_in | C6: 1.089 | D6: USD per EUR | E6: Provided (Stage 2)
A7: USD interest rate | B7: R_USD | C7: 0.039 | D7: annual (decimal) | E7: Update at runtime (proxy value entered)
A8: EUR interest rate | B8: R_FC | C8: 0.0193 | D8: annual (decimal) | E8: €STR (proxy value entered)
A9: Put strike | B9: K_PUT | C9: 1.089 | D9: USD per EUR | E9: Chosen to match forward (Stage 2)
A10: Call strike | B10: K_CALL | C10: 1.089 | D10: USD per EUR | E10: Kept for completeness
A11: Put premium | B11: PREM_PUT | C11: 0.021 | D11: USD per EUR | E11: Dealer quote (Stage 2)
A12: Call premium | B12: PREM_CALL | C12: 0.021 | D12: USD per EUR | E12: Kept for completeness
A13: Days to maturity | B13: T_DAYS | C13: 365 | D13: days | E13: 1 year
A14: Years to maturity | B14: T_YRS | C14: =T_DAYS/365 | D14: years | E14: Derived

Sheet Model
A1: Base Case & Detailed Calculations
A3: # Assumptions
A4: Ending spot at maturity (S_T) | B4: =S0_in | C4: USD per EUR
A6: Total put premium (USD) | B6: =FC_AMT*PREM_PUT
A7: EUR present value (MM step 1) | B7: =FC_AMT/(1+R_FC*T_YRS)
A8: USD today after conversion (MM step 2) | B8: =B7*S0_in
A9: USD at maturity after investing (MM step 3) | B9: =B8*(1+R_USD*T_YRS)
A11: # Summary (Base Case)
A12: Strategy | B12: USD Proceeds | C12: Key Formula
A13: Unhedged | B13: =FC_AMT*$B$4 | C13: =FC_AMT*S_T
A14: Forward hedge | B14: =FC_AMT*F0_in | C14: =FC_AMT*F0_in
A15: Money Market hedge | B15: =$B$9 | C15: MM: borrow EUR PV → convert → invest USD
A16: Put option hedge | B16: =MAX(K_PUT,$B$4)*FC_AMT - $B$6 | C16: =FC_AMT*MAX(S_T,K_PUT) - FC_AMT*PREM_PUT
A18: # KPIs
A19: Best (max USD) | B19: =MAX(B13:B16)
A20: Worst (min USD) | B20: =MIN(B13:B16)
A21: Forward vs MM diff | B21: =B14-B15

Sheet Sensitivity
A1: Sensitivity (±5% around S0_in)
A3: S_T | B3: Unhedged | C3: Forward | D3: Money Market | E3: Put Option | F3: Best USD | G3: Best Strategy
A4: =0.95*S0_in | B4: =FC_AMT*A4 | C4: =FC_AMT*F0_in | D4: ='Model'!$B$9 | E4: =MAX(K_PUT,A4)*FC_AMT - FC_AMT*PREM_PUT | F4: =MAX(B4:E4) | G4: =INDEX($B$3:$E$3, MATCH(F4, B4:E4, 0))
A5: =A4+0.01*S0_in | B5: =FC_AMT*A5 | C5: =FC_AMT*F0_in | D5: ='Model'!$B$9 | E5: =MAX(K_PUT,A5)*FC_AMT - FC_AMT*PREM_PUT | F5: =MAX(B5:E5) | G5: =INDEX($B$3:$E$3, MATCH(F5, B5:E5, 0))
A6: =A5+0.01*S0_in | B6: =FC_AMT*A6 | C6: =FC_AMT*F0_in | D6: ='Model'!$B$9 | E6: =MAX(K_PUT,A6)*FC_AMT - FC_AMT*PREM_PUT | F6: =MAX(B6:E6) | G6: =INDEX($B$3:$E$3, MATCH(F6, B6:E6, 0))
A7: =A6+0.01*S0_in | B7: =FC_AMT*A7 | C7: =FC_AMT*F0_in | D7: ='Model'!$B$9 | E7: =MAX(K_PUT,A7)*FC_AMT - FC_AMT*PREM_PUT | F7: =MAX(B7:E7) | G7: =INDEX($B$3:$E$3, MATCH(F7, B7:E7, 0))
A8: =A7+0.01*S0_in | B8: =FC_AMT*A8 | C8: =FC_AMT*F0_in | D8: ='Model'!$B$9 | E8: =MAX(K_PUT,A8)*FC_AMT - FC_AMT*PREM_PUT | F8: =MAX(B8:E8) | G8: =INDEX($B$3:$E$3, MATCH(F8, B8:E8, 0))
A9: =A8+0.01*S0_in | B9: =FC_AMT*A9 | C9: =FC_AMT*F0_in | D9: ='Model'!$B$9 | E9: =MAX(K_PUT,A9)*FC_AMT - FC_AMT*PREM_PUT | F9: =MAX(B9:E9) | G9: =INDEX($B$3:$E$3, MATCH(F9, B9:E9, 0))
A10: =A9+0.01*S0_in | B10: =FC_AMT*A10 | C10: =FC_AMT*F0_in | D10: ='Model'!$B$9 | E10: =MAX(K_PUT,A10)*FC_AMT - FC_AMT*PREM_PUT | F10: =MAX(B10:E10) | G10: =INDEX($B$3:$E$3, MATCH(F10, B10:E10, 0))
A11: =A10+0.01*S0_in | B11: =FC_AMT*A11 | C11: =FC_AMT*F0_in | D11: ='Model'!$B$9 | E11: =MAX(K_PUT,A11)*FC_AMT - FC_AMT*PREM_PUT | F11: =MAX(B11:E11) | G11: =INDEX($B$3:$E$3, MATCH(F11, B11:E11, 0))
A12: =A11+0.01*S0_in | B12: =FC_AMT*A12 | C12: =FC_AMT*F0_in | D12: ='Model'!$B$9 | E12: =MAX(K_PUT,A12)*FC_AMT - FC_AMT*PREM_PUT | F12: =MAX(B12:E12) | G12: =INDEX($B$3:$E$3, MATCH(F12, B12:E12, 0))
A13: =A12+0.01*S0_in | B13: =FC_AMT*A13 | C13: =FC_AMT*F0_in | D13: ='Model'!$B$9 | E13: =MAX(K_PUT,A13)*FC_AMT - FC_AMT*PREM_PUT | F13: =MAX(B13:E13) | G13: =INDEX($B$3:$E$3, MATCH(F13, B13:E13, 0))
A14: =A13+0.01*S0_in | B14: =FC_AMT*A14 | C14: =FC_AMT*F0_in | D14: ='Model'!$B$9 | E14: =MAX(K_PUT,A14)*FC_AMT - FC_AMT*PREM_PUT | F14: =MAX(B14:E14) | G14: =INDEX($B$3:$E$3, MATCH(F14, B14:E14, 0))

Sheet Checks
A1: Verification & Cross-Checks
A3: Check | B3: Value | C3: Target / Notes
A4: IRP-implied forward (F_IRP) | B4: =S0_in*(1+R_USD*T_YRS)/(1+R_FC*T_YRS) | C4: Compare to F0_in
A5: Given forward (F0_in) | B5: =F0_in | C5: Provided
A6: Parity diff (F_IRP - F0_in) | B6: =B4-B5 | C6: Near 0 if rates align
A7: % diff | B7: =IF(B5=0,"",(B6/B5)) | C7: Near 0
A8: Forward proceeds | B8: =FC_AMT*F0_in | C8: USD lock-in (forward)
A9: MM proceeds | B9: ='Model'!$B$9 | C9: USD lock-in (money market)
A10: MM - Forward proceeds | B10: =B9-B8 | C10: Near 0 if parity holds

Sheet Audit
A1: Formula Map (Key Cells)
A3: Sheet | B3: Cell | C3: Description | D3: Formula / Value
A4: Inputs | B4: C4 | C4: FC_AMT (EUR) | D4: 8000000
A5: Inputs | B5: C5 | C5: S0_in (spot) | D5: 1.1714
A6: Inputs | B6: C6 | C6: F0_in (forward) | D6: 1.0890
A7: Inputs | B7: C7 | C7: R_USD | D7: 0.0390
A8: Inputs | B8: C8 | C8: R_FC | D8: 0.01930
A9: Inputs | B9: C9 | C9: K_PUT | D9: 1.0890
A10: Inputs | B10: C11 | C10: PREM_PUT | D10: 0.0210
A11: Model | B11: B4 | C11: S_T (assumed) | D11: =S0_in
A12: Model | B12: B6 | C12: Total put premium (USD) | D12: =FC_AMT*PREM_PUT
A13: Model | B13: B7 | C13: MM step 1: EUR PV | D13: =FC_AMT/(1+R_FC*T_YRS)
A14: Model | B14: B8 | C14: MM step 2: USD today | D14: =B7*S0_in
A15: Model | B15: B9 | C15: MM step 3: USD maturity | D15: =B8*(1+R_USD*T_YRS)
A16: Model | B16: B14 | C16: Forward USD | D16: =FC_AMT*F0_in
A17: Model | B17: B15 | C17: MM USD | D17: ='Model'!$B$9
A18: Model | B18: B16 | C18: Put option USD | D18: =MAX(K_PUT,'Model'!$B$4)*FC_AMT - 'Model'!$B$6
A19: Sensitivity | B19: A4 | C19: S_T start | D19: =0.95*S0_in
A20: Checks | B20: B4 | C20: F_IRP | D20: =S0_in*(1+R_USD*T_YRS)/(1+R_FC*T_YRS)
